ciudad,fecha,año,mes,temp_pred,ci_inferior,ci_superior,tipo
SUCRE,2026-05-01,2026,5,13.6713,12.1291,15.2135,Prediccion
SUCRE,2026-06-01,2026,6,12.7357,10.9791,14.4924,Prediccion
SUCRE,2026-07-01,2026,7,12.4998,10.6529,14.3467,Prediccion
SUCRE,2026-08-01,2026,8,13.1914,11.2867,15.0961,Prediccion
SUCRE,2026-09-01,2026,9,14.7342,12.7826,16.6858,Prediccion
SUCRE,2026-10-01,2026,10,15.6892,13.6951,17.6833,Prediccion
SUCRE,2026-11-01,2026,11,15.9181,13.8836,17.9527,Prediccion
SUCRE,2026-12-01,2026,12,15.705,13.6313,17.7787,Prediccion
SUCRE,2027-01-01,2027,1,15.1301,13.0181,17.2421,Prediccion
SUCRE,2027-02-01,2027,2,14.8961,12.7466,17.0456,Prediccion
SUCRE,2027-03-01,2027,3,14.7756,12.5892,16.962,Prediccion
SUCRE,2027-04-01,2027,4,14.4711,12.2485,16.6938,Prediccion
SUCRE,2027-05-01,2027,5,13.578,11.299,15.8569,Prediccion
SUCRE,2027-06-01,2027,6,12.688,10.3638,15.0121,Prediccion
SUCRE,2027-07-01,2027,7,12.4694,10.1043,14.8345,Prediccion
SUCRE,2027-08-01,2027,8,13.1683,10.7643,15.5724,Prediccion
SUCRE,2027-09-01,2027,9,14.7132,12.2713,17.1551,Prediccion
SUCRE,2027-10-01,2027,10,15.6696,13.1906,18.1486,Prediccion
SUCRE,2027-11-01,2027,11,15.8987,13.3832,18.4143,Prediccion
SUCRE,2027-12-01,2027,12,15.6856,13.1341,18.237,Prediccion
SUCRE,2028-01-01,2028,1,15.1109,12.524,17.6978,Prediccion
SUCRE,2028-02-01,2028,2,14.8758,12.2539,17.4976,Prediccion
SUCRE,2028-03-01,2028,3,14.7558,12.0995,17.4121,Prediccion
SUCRE,2028-04-01,2028,4,14.4515,11.7611,17.1418,Prediccion
SUCRE,2028-05-01,2028,5,13.5584,10.8165,16.3003,Prediccion
SUCRE,2028-06-01,2028,6,12.6684,9.8844,15.4525,Prediccion
SUCRE,2028-07-01,2028,7,12.4499,9.6273,15.2724,Prediccion
SUCRE,2028-08-01,2028,8,13.1488,10.2894,16.0082,Prediccion
SUCRE,2028-09-01,2028,9,14.6936,11.7983,17.589,Prediccion
SUCRE,2028-10-01,2028,10,15.6501,12.7193,18.5808,Prediccion
SUCRE,2028-11-01,2028,11,15.8792,12.9136,18.8448,Prediccion
SUCRE,2028-12-01,2028,12,15.666,12.666,18.6661,Prediccion
SUCRE,2029-01-01,2029,1,15.0913,12.0572,18.1254,Prediccion
SUCRE,2029-02-01,2029,2,14.8562,11.7884,17.924,Prediccion
SUCRE,2029-03-01,2029,3,14.7362,11.6352,17.8373,Prediccion
SUCRE,2029-04-01,2029,4,14.4319,11.298,17.5659,Prediccion
SUCRE,2029-05-01,2029,5,13.5388,10.356,16.7217,Prediccion
SUCRE,2029-06-01,2029,6,12.6489,9.4255,15.8722,Prediccion
SUCRE,2029-07-01,2029,7,12.4303,9.1698,15.6909,Prediccion
SUCRE,2029-08-01,2029,8,13.1292,9.8329,16.4255,Prediccion
SUCRE,2029-09-01,2029,9,14.6741,11.3428,18.0054,Prediccion
SUCRE,2029-10-01,2029,10,15.6305,12.2648,18.9963,Prediccion
SUCRE,2029-11-01,2029,11,15.8596,12.4598,19.2595,Prediccion
SUCRE,2029-12-01,2029,12,15.6465,12.213,19.08,Prediccion
SUCRE,2030-01-01,2030,1,15.0718,11.6049,18.5387,Prediccion
SUCRE,2030-02-01,2030,2,14.8367,11.3367,18.3366,Prediccion
SUCRE,2030-03-01,2030,3,14.7167,11.184,18.2493,Prediccion
SUCRE,2030-04-01,2030,4,14.4124,10.8473,17.9774,Prediccion
SUCRE,2030-05-01,2030,5,13.5193,9.907,17.1316,Prediccion
SUCRE,2030-06-01,2030,6,12.6293,8.9775,16.2811,Prediccion
SUCRE,2030-07-01,2030,7,12.4108,8.7225,16.0991,Prediccion
SUCRE,2030-08-01,2030,8,13.1097,9.3862,16.8332,Prediccion
SUCRE,2030-09-01,2030,9,14.6546,10.8966,18.4125,Prediccion
SUCRE,2030-10-01,2030,10,15.611,11.819,19.403,Prediccion
SUCRE,2030-11-01,2030,11,15.8401,12.0144,19.6658,Prediccion
SUCRE,2030-12-01,2030,12,15.6269,11.7678,19.486,Prediccion
LA PAZ,2026-05-01,2026,5,13.0594,11.7215,14.3973,Prediccion
LA PAZ,2026-06-01,2026,6,12.0226,10.5945,13.4507,Prediccion
LA PAZ,2026-07-01,2026,7,11.758,10.3047,13.2112,Prediccion
LA PAZ,2026-08-01,2026,8,12.478,11.0102,13.9458,Prediccion
LA PAZ,2026-09-01,2026,9,13.4335,11.9537,14.9134,Prediccion
LA PAZ,2026-10-01,2026,10,14.4907,12.9995,15.9819,Prediccion
LA PAZ,2026-11-01,2026,11,15.2818,13.7795,16.7842,Prediccion
LA PAZ,2026-12-01,2026,12,14.7165,13.2031,16.2298,Prediccion
LA PAZ,2027-01-01,2027,1,14.1854,12.6612,15.7097,Prediccion
LA PAZ,2027-02-01,2027,2,14.0087,12.4736,15.5438,Prediccion
LA PAZ,2027-03-01,2027,3,13.9301,12.3843,15.476,Prediccion
LA PAZ,2027-04-01,2027,4,13.8043,12.2478,15.3608,Prediccion
LA PAZ,2027-05-01,2027,5,13.0461,11.4823,14.6099,Prediccion
LA PAZ,2027-06-01,2027,6,12.0436,10.4706,13.6167,Prediccion
LA PAZ,2027-07-01,2027,7,11.7666,10.1837,13.3494,Prediccion
LA PAZ,2027-08-01,2027,8,12.4917,10.899,14.0844,Prediccion
LA PAZ,2027-09-01,2027,9,13.4961,11.8935,15.0987,Prediccion
LA PAZ,2027-10-01,2027,10,14.5079,12.8955,16.1203,Prediccion
LA PAZ,2027-11-01,2027,11,15.3227,13.7006,16.9449,Prediccion
LA PAZ,2027-12-01,2027,12,14.775,13.1431,16.4069,Prediccion
LA PAZ,2028-01-01,2028,1,14.2444,12.6028,15.8859,Prediccion
LA PAZ,2028-02-01,2028,2,14.1791,12.528,15.8302,Prediccion
LA PAZ,2028-03-01,2028,3,14.0705,12.4098,15.7311,Prediccion
LA PAZ,2028-04-01,2028,4,13.8702,12.2001,15.5403,Prediccion
LA PAZ,2028-05-01,2028,5,13.1134,11.4179,14.8089,Prediccion
LA PAZ,2028-06-01,2028,6,12.1073,10.3975,13.817,Prediccion
LA PAZ,2028-07-01,2028,7,11.8315,10.11,13.5531,Prediccion
LA PAZ,2028-08-01,2028,8,12.5561,10.8235,14.2887,Prediccion
LA PAZ,2028-09-01,2028,9,13.5553,11.812,15.2987,Prediccion
LA PAZ,2028-10-01,2028,10,14.572,12.8179,16.326,Prediccion
LA PAZ,2028-11-01,2028,11,15.3843,13.6196,17.149,Prediccion
LA PAZ,2028-12-01,2028,12,14.8347,13.0594,16.6099,Prediccion
LA PAZ,2029-01-01,2029,1,14.304,12.5182,16.0898,Prediccion
LA PAZ,2029-02-01,2029,2,14.2269,12.4307,16.0231,Prediccion
LA PAZ,2029-03-01,2029,3,14.1214,12.3149,15.928,Prediccion
LA PAZ,2029-04-01,2029,4,13.9291,12.1122,15.7459,Prediccion
LA PAZ,2029-05-01,2029,5,13.1721,11.3319,15.0123,Prediccion
LA PAZ,2029-06-01,2029,6,12.1664,10.3118,14.021,Prediccion
LA PAZ,2029-07-01,2029,7,11.8905,10.0238,13.7573,Prediccion
LA PAZ,2029-08-01,2029,8,12.6151,10.7368,14.4935,Prediccion
LA PAZ,2029-09-01,2029,9,13.6149,11.7251,15.5047,Prediccion
LA PAZ,2029-10-01,2029,10,14.631,12.73,16.5321,Prediccion
LA PAZ,2029-11-01,2029,11,15.4436,13.5314,17.3559,Prediccion
LA PAZ,2029-12-01,2029,12,14.8942,12.9708,16.8176,Prediccion
LA PAZ,2030-01-01,2030,1,14.3636,12.429,16.2981,Prediccion
LA PAZ,2030-02-01,2030,2,14.2877,12.3422,16.2332,Prediccion
LA PAZ,2030-03-01,2030,3,14.1819,12.2254,16.1384,Prediccion
LA PAZ,2030-04-01,2030,4,13.9887,12.0213,15.9561,Prediccion
LA PAZ,2030-05-01,2030,5,13.2318,11.2405,15.223,Prediccion
LA PAZ,2030-06-01,2030,6,12.226,10.2198,14.2322,Prediccion
LA PAZ,2030-07-01,2030,7,11.9502,9.9312,13.9691,Prediccion
LA PAZ,2030-08-01,2030,8,12.6748,10.6436,14.7059,Prediccion
LA PAZ,2030-09-01,2030,9,13.6745,11.6314,15.7176,Prediccion
LA PAZ,2030-10-01,2030,10,14.6906,12.6357,16.7456,Prediccion
LA PAZ,2030-11-01,2030,11,15.5032,13.4364,17.57,Prediccion
LA PAZ,2030-12-01,2030,12,14.9538,12.8753,17.0323,Prediccion
COCHABAMBA,2026-05-01,2026,5,17.3095,15.9652,18.6538,Prediccion
COCHABAMBA,2026-06-01,2026,6,15.4512,14.0045,16.8979,Prediccion
COCHABAMBA,2026-07-01,2026,7,15.5987,14.1091,17.0884,Prediccion
COCHABAMBA,2026-08-01,2026,8,17.0874,15.5648,18.61,Prediccion
COCHABAMBA,2026-09-01,2026,9,19.2479,17.6948,20.801,Prediccion
COCHABAMBA,2026-10-01,2026,10,20.7988,19.2162,22.3815,Prediccion
COCHABAMBA,2026-11-01,2026,11,21.4719,19.8604,23.0834,Prediccion
COCHABAMBA,2026-12-01,2026,12,20.8197,19.1799,22.4596,Prediccion
COCHABAMBA,2027-01-01,2027,1,19.9692,18.3014,21.637,Prediccion
COCHABAMBA,2027-02-01,2027,2,19.6338,17.9386,21.329,Prediccion
COCHABAMBA,2027-03-01,2027,3,19.741,18.0188,21.4632,Prediccion
COCHABAMBA,2027-04-01,2027,4,19.2155,17.4667,20.9643,Prediccion
COCHABAMBA,2027-05-01,2027,5,17.3575,15.5838,19.1312,Prediccion
COCHABAMBA,2027-06-01,2027,6,15.5023,13.7033,17.3013,Prediccion
COCHABAMBA,2027-07-01,2027,7,15.6335,13.8094,17.4576,Prediccion
COCHABAMBA,2027-08-01,2027,8,17.0955,15.2465,18.9444,Prediccion
COCHABAMBA,2027-09-01,2027,9,19.302,17.4286,21.1754,Prediccion
COCHABAMBA,2027-10-01,2027,10,20.7464,18.8488,22.644,Prediccion
COCHABAMBA,2027-11-01,2027,11,21.4536,19.5321,23.3751,Prediccion
COCHABAMBA,2027-12-01,2027,12,20.7509,18.8058,22.696,Prediccion
COCHABAMBA,2028-01-01,2028,1,19.9272,17.9588,21.8956,Prediccion
COCHABAMBA,2028-02-01,2028,2,19.7742,17.7828,21.7657,Prediccion
COCHABAMBA,2028-03-01,2028,3,19.7849,17.7707,21.7991,Prediccion
COCHABAMBA,2028-04-01,2028,4,19.252,17.2153,21.2888,Prediccion
COCHABAMBA,2028-05-01,2028,5,17.3829,15.2994,19.4664,Prediccion
COCHABAMBA,2028-06-01,2028,6,15.5274,13.4136,17.6412,Prediccion
COCHABAMBA,2028-07-01,2028,7,15.6603,13.5197,17.801,Prediccion
COCHABAMBA,2028-08-01,2028,8,17.1251,14.9586,19.2917,Prediccion
COCHABAMBA,2028-09-01,2028,9,19.3268,17.1347,21.5188,Prediccion
COCHABAMBA,2028-10-01,2028,10,20.7825,18.5654,22.9997,Prediccion
COCHABAMBA,2028-11-01,2028,11,21.4861,19.2441,23.7281,Prediccion
COCHABAMBA,2028-12-01,2028,12,20.7888,18.5222,23.0554,Prediccion
COCHABAMBA,2029-01-01,2029,1,19.9622,17.6712,22.2531,Prediccion
COCHABAMBA,2029-02-01,2029,2,19.7898,17.4747,22.1048,Prediccion
COCHABAMBA,2029-03-01,2029,3,19.8107,17.4719,22.1496,Prediccion
COCHABAMBA,2029-04-01,2029,4,19.2787,16.9162,21.6411,Prediccion
COCHABAMBA,2029-05-01,2029,5,17.4107,15.005,19.8165,Prediccion
COCHABAMBA,2029-06-01,2029,6,15.5552,13.1195,17.991,Prediccion
COCHABAMBA,2029-07-01,2029,7,15.688,13.225,18.1509,Prediccion
COCHABAMBA,2029-08-01,2029,8,17.1525,14.6631,19.6418,Prediccion
COCHABAMBA,2029-09-01,2029,9,19.3546,16.8393,21.87,Prediccion
COCHABAMBA,2029-10-01,2029,10,20.8092,18.2682,23.3502,Prediccion
COCHABAMBA,2029-11-01,2029,11,21.5132,18.9467,24.0796,Prediccion
COCHABAMBA,2029-12-01,2029,12,20.8153,18.2237,23.4069,Prediccion
COCHABAMBA,2030-01-01,2030,1,19.989,17.3724,22.6055,Prediccion
COCHABAMBA,2030-02-01,2030,2,19.8186,17.1774,22.4599,Prediccion
COCHABAMBA,2030-03-01,2030,3,19.8385,17.1727,22.5042,Prediccion
COCHABAMBA,2030-04-01,2030,4,19.3063,16.6164,21.9963,Prediccion
COCHABAMBA,2030-05-01,2030,5,17.4383,14.7052,20.1714,Prediccion
COCHABAMBA,2030-06-01,2030,6,15.5828,12.8192,18.3464,Prediccion
COCHABAMBA,2030-07-01,2030,7,15.7156,12.9242,18.5069,Prediccion
COCHABAMBA,2030-08-01,2030,8,17.1801,14.3617,19.9985,Prediccion
COCHABAMBA,2030-09-01,2030,9,19.3822,16.5371,22.2272,Prediccion
COCHABAMBA,2030-10-01,2030,10,20.8369,17.9655,23.7083,Prediccion
COCHABAMBA,2030-11-01,2030,11,21.5408,18.6432,24.4383,Prediccion
COCHABAMBA,2030-12-01,2030,12,20.843,17.9196,23.7664,Prediccion
ORURO,2026-05-01,2026,5,8.6675,7.145,10.19,Prediccion
ORURO,2026-06-01,2026,6,5.8712,4.2336,7.5089,Prediccion
ORURO,2026-07-01,2026,7,5.9847,4.3281,7.6412,Prediccion
ORURO,2026-08-01,2026,8,7.5302,5.8698,9.1906,Prediccion
ORURO,2026-09-01,2026,9,10.3734,8.712,12.0349,Prediccion
ORURO,2026-10-01,2026,10,12.2229,10.5609,13.8848,Prediccion
ORURO,2026-11-01,2026,11,13.3506,11.6883,15.0128,Prediccion
ORURO,2026-12-01,2026,12,13.5863,11.9238,15.2488,Prediccion
ORURO,2027-01-01,2027,1,13.2474,11.5847,14.9102,Prediccion
ORURO,2027-02-01,2027,2,13.1639,11.5009,14.8269,Prediccion
ORURO,2027-03-01,2027,3,12.9713,11.3081,14.6345,Prediccion
ORURO,2027-04-01,2027,4,11.3174,9.654,12.9809,Prediccion
ORURO,2027-05-01,2027,5,8.5228,6.8449,10.2007,Prediccion
ORURO,2027-06-01,2027,6,5.8554,4.1743,7.5365,Prediccion
ORURO,2027-07-01,2027,7,6.0185,4.3364,7.7007,Prediccion
ORURO,2027-08-01,2027,8,7.5832,5.9005,9.2659,Prediccion
ORURO,2027-09-01,2027,9,10.4338,8.7508,12.1168,Prediccion
ORURO,2027-10-01,2027,10,12.2861,10.6027,13.9694,Prediccion
ORURO,2027-11-01,2027,11,13.4148,11.7312,15.0985,Prediccion
ORURO,2027-12-01,2027,12,13.651,11.9671,15.3349,Prediccion
ORURO,2028-01-01,2028,1,13.3123,11.6281,14.9965,Prediccion
ORURO,2028-02-01,2028,2,13.2289,11.5444,14.9133,Prediccion
ORURO,2028-03-01,2028,3,13.0363,11.3515,14.721,Prediccion
ORURO,2028-04-01,2028,4,11.3824,9.6973,13.0674,Prediccion
ORURO,2028-05-01,2028,5,8.5877,6.888,10.2875,Prediccion
ORURO,2028-06-01,2028,6,5.9204,4.2173,7.6235,Prediccion
ORURO,2028-07-01,2028,7,6.0835,4.3792,7.7878,Prediccion
ORURO,2028-08-01,2028,8,7.6482,5.9433,9.353,Prediccion
ORURO,2028-09-01,2028,9,10.4988,8.7935,12.2041,Prediccion
ORURO,2028-10-01,2028,10,12.351,10.6453,14.0567,Prediccion
ORURO,2028-11-01,2028,11,13.4798,11.7738,15.1859,Prediccion
ORURO,2028-12-01,2028,12,13.716,12.0096,15.4224,Prediccion
ORURO,2029-01-01,2029,1,13.3773,11.6705,15.084,Prediccion
ORURO,2029-02-01,2029,2,13.2938,11.5867,15.0009,Prediccion
ORURO,2029-03-01,2029,3,13.1012,11.3938,14.8087,Prediccion
ORURO,2029-04-01,2029,4,11.4473,9.7396,13.1551,Prediccion
ORURO,2029-05-01,2029,5,8.6527,6.93,10.3755,Prediccion
ORURO,2029-06-01,2029,6,5.9854,4.2591,7.7117,Prediccion
ORURO,2029-07-01,2029,7,6.1485,4.4209,7.876,Prediccion
ORURO,2029-08-01,2029,8,7.7131,5.9849,9.4414,Prediccion
ORURO,2029-09-01,2029,9,10.5637,8.835,12.2925,Prediccion
ORURO,2029-10-01,2029,10,12.416,10.6868,14.1452,Prediccion
ORURO,2029-11-01,2029,11,13.5448,11.8152,15.2744,Prediccion
ORURO,2029-12-01,2029,12,13.7809,12.0509,15.511,Prediccion
ORURO,2030-01-01,2030,1,13.4422,11.7118,15.1727,Prediccion
ORURO,2030-02-01,2030,2,13.3588,11.6279,15.0896,Prediccion
ORURO,2030-03-01,2030,3,13.1662,11.4349,14.8975,Prediccion
ORURO,2030-04-01,2030,4,11.5123,9.7806,13.244,Prediccion
ORURO,2030-05-01,2030,5,8.7177,6.9708,10.4646,Prediccion
ORURO,2030-06-01,2030,6,6.0503,4.2997,7.801,Prediccion
ORURO,2030-07-01,2030,7,6.2135,4.4614,7.9655,Prediccion
ORURO,2030-08-01,2030,8,7.7781,6.0253,9.5309,Prediccion
ORURO,2030-09-01,2030,9,10.6287,8.8753,12.3821,Prediccion
ORURO,2030-10-01,2030,10,12.481,10.7271,14.2348,Prediccion
ORURO,2030-11-01,2030,11,13.6098,11.8554,15.3641,Prediccion
ORURO,2030-12-01,2030,12,13.8459,12.091,15.6008,Prediccion
POTOSÍ,2026-05-01,2026,5,9.6996,7.9993,11.3999,Prediccion
POTOSÍ,2026-06-01,2026,6,8.5278,6.5414,10.5142,Prediccion
POTOSÍ,2026-07-01,2026,7,8.1438,6.039,10.2486,Prediccion
POTOSÍ,2026-08-01,2026,8,9.5008,7.3296,11.672,Prediccion
POTOSÍ,2026-09-01,2026,9,11.1047,8.8867,13.3226,Prediccion
POTOSÍ,2026-10-01,2026,10,12.4561,10.1999,14.7122,Prediccion
POTOSÍ,2026-11-01,2026,11,13.1005,10.8102,15.3909,Prediccion
POTOSÍ,2026-12-01,2026,12,12.9783,10.6558,15.3007,Prediccion
POTOSÍ,2027-01-01,2027,1,12.7569,10.4037,15.1102,Prediccion
POTOSÍ,2027-02-01,2027,2,12.502,10.1187,14.8853,Prediccion
POTOSÍ,2027-03-01,2027,3,12.2696,9.8568,14.6824,Prediccion
POTOSÍ,2027-04-01,2027,4,11.6527,9.2109,14.0946,Prediccion
POTOSÍ,2027-05-01,2027,5,9.8436,7.3876,12.2996,Prediccion
POTOSÍ,2027-06-01,2027,6,8.5117,6.0365,10.9869,Prediccion
POTOSÍ,2027-07-01,2027,7,8.2416,5.7446,10.7386,Prediccion
POTOSÍ,2027-08-01,2027,8,9.544,7.0239,12.064,Prediccion
POTOSÍ,2027-09-01,2027,9,11.2387,8.6951,13.7822,Prediccion
POTOSÍ,2027-10-01,2027,10,12.6205,10.0532,15.1878,Prediccion
POTOSÍ,2027-11-01,2027,11,13.1758,10.5848,15.7668,Prediccion
POTOSÍ,2027-12-01,2027,12,13.0854,10.4708,15.6999,Prediccion
POTOSÍ,2028-01-01,2028,1,12.8143,10.1763,15.4523,Prediccion
POTOSÍ,2028-02-01,2028,2,12.6517,9.9906,15.3128,Prediccion
POTOSÍ,2028-03-01,2028,3,12.3965,9.7125,15.0805,Prediccion
POTOSÍ,2028-04-01,2028,4,11.7615,9.0547,14.4682,Prediccion
POTOSÍ,2028-05-01,2028,5,9.9467,7.2072,12.6862,Prediccion
POTOSÍ,2028-06-01,2028,6,8.6311,5.8634,11.3987,Prediccion
POTOSÍ,2028-07-01,2028,7,8.3494,5.5558,11.143,Prediccion
POTOSÍ,2028-08-01,2028,8,9.6573,6.839,12.4756,Prediccion
POTOSÍ,2028-09-01,2028,9,11.3428,8.5003,14.1852,Prediccion
POTOSÍ,2028-10-01,2028,10,12.7215,9.8554,15.5877,Prediccion
POTOSÍ,2028-11-01,2028,11,13.2859,10.3963,16.1755,Prediccion
POTOSÍ,2028-12-01,2028,12,13.1922,10.2794,16.1051,Prediccion
POTOSÍ,2029-01-01,2029,1,12.9262,9.9903,15.8622,Prediccion
POTOSÍ,2029-02-01,2029,2,12.7542,9.7956,15.7128,Prediccion
POTOSÍ,2029-03-01,2029,3,12.5013,9.5202,15.4825,Prediccion
POTOSÍ,2029-04-01,2029,4,11.8681,8.8647,14.8716,Prediccion
POTOSÍ,2029-05-01,2029,5,10.054,7.0214,13.0866,Prediccion
POTOSÍ,2029-06-01,2029,6,8.7367,5.6781,11.7953,Prediccion
POTOSÍ,2029-07-01,2029,7,8.4562,5.3732,11.5392,Prediccion
POTOSÍ,2029-08-01,2029,8,9.7635,6.6569,12.8702,Prediccion
POTOSÍ,2029-09-01,2029,9,11.4499,8.3201,14.5797,Prediccion
POTOSÍ,2029-10-01,2029,10,12.829,9.6763,15.9817,Prediccion
POTOSÍ,2029-11-01,2029,11,13.3924,10.2171,16.5677,Prediccion
POTOSÍ,2029-12-01,2029,12,13.2991,10.1013,16.4969,Prediccion
POTOSÍ,2030-01-01,2030,1,13.0326,9.8123,16.2528,Prediccion
POTOSÍ,2030-02-01,2030,2,12.8615,9.6193,16.1037,Prediccion
POTOSÍ,2030-03-01,2030,3,12.6084,9.3444,15.8725,Prediccion
POTOSÍ,2030-04-01,2030,4,11.975,8.6893,15.2608,Prediccion
POTOSÍ,2030-05-01,2030,5,10.1608,6.8468,13.4749,Prediccion
POTOSÍ,2030-06-01,2030,6,8.8437,5.5043,12.1831,Prediccion
POTOSÍ,2030-07-01,2030,7,8.5631,5.1999,11.9263,Prediccion
POTOSÍ,2030-08-01,2030,8,9.8705,6.4842,13.2567,Prediccion
POTOSÍ,2030-09-01,2030,9,11.5568,8.148,14.9656,Prediccion
POTOSÍ,2030-10-01,2030,10,12.9358,9.5047,16.3669,Prediccion
POTOSÍ,2030-11-01,2030,11,13.4993,10.0461,16.9526,Prediccion
POTOSÍ,2030-12-01,2030,12,13.406,9.9307,16.8812,Prediccion
TARIJA,2026-05-01,2026,5,16.119,13.938,18.2999,Prediccion
TARIJA,2026-06-01,2026,6,14.4899,12.26,16.7198,Prediccion
TARIJA,2026-07-01,2026,7,14.08,11.8336,16.3263,Prediccion
TARIJA,2026-08-01,2026,8,16.1561,13.8958,18.4163,Prediccion
TARIJA,2026-09-01,2026,9,18.1452,15.8714,20.419,Prediccion
TARIJA,2026-10-01,2026,10,20.8122,18.525,23.0993,Prediccion
TARIJA,2026-11-01,2026,11,21.2566,18.9561,23.5571,Prediccion
TARIJA,2026-12-01,2026,12,21.9316,19.6178,24.2454,Prediccion
TARIJA,2027-01-01,2027,1,21.6819,19.3553,24.0086,Prediccion
TARIJA,2027-02-01,2027,2,21.0257,18.6859,23.3654,Prediccion
TARIJA,2027-03-01,2027,3,20.6035,18.2508,22.9563,Prediccion
TARIJA,2027-04-01,2027,4,19.2467,16.881,21.6124,Prediccion
TARIJA,2027-05-01,2027,5,16.3689,14.0032,18.7346,Prediccion
TARIJA,2027-06-01,2027,6,14.4943,12.1209,16.8677,Prediccion
TARIJA,2027-07-01,2027,7,14.2703,11.8873,16.6534,Prediccion
TARIJA,2027-08-01,2027,8,16.1037,13.7108,18.4967,Prediccion
TARIJA,2027-09-01,2027,9,18.3189,15.9161,20.7216,Prediccion
TARIJA,2027-10-01,2027,10,20.4649,18.0523,22.8775,Prediccion
TARIJA,2027-11-01,2027,11,21.0634,18.641,23.4858,Prediccion
TARIJA,2027-12-01,2027,12,21.8048,19.3726,24.2369,Prediccion
TARIJA,2028-01-01,2028,1,21.596,19.1542,24.0378,Prediccion
TARIJA,2028-02-01,2028,2,21.1864,18.7349,23.6378,Prediccion
TARIJA,2028-03-01,2028,3,20.6955,18.2345,23.1566,Prediccion
TARIJA,2028-04-01,2028,4,19.2845,16.8139,21.7551,Prediccion
TARIJA,2028-05-01,2028,5,16.3566,13.8657,18.8474,Prediccion
TARIJA,2028-06-01,2028,6,14.5183,12.0161,17.0205,Prediccion
TARIJA,2028-07-01,2028,7,14.2668,11.7541,16.7795,Prediccion
TARIJA,2028-08-01,2028,8,16.1361,13.613,18.6592,Prediccion
TARIJA,2028-09-01,2028,9,18.3178,15.7844,20.8512,Prediccion
TARIJA,2028-10-01,2028,10,20.541,17.9973,23.0847,Prediccion
TARIJA,2028-11-01,2028,11,21.1167,18.5627,23.6706,Prediccion
TARIJA,2028-12-01,2028,12,21.8482,19.284,24.4124,Prediccion
TARIJA,2029-01-01,2029,1,21.6334,19.059,24.2078,Prediccion
TARIJA,2029-02-01,2029,2,21.1872,18.6028,23.7717,Prediccion
TARIJA,2029-03-01,2029,3,20.7066,18.1121,23.3011,Prediccion
TARIJA,2029-04-01,2029,4,19.3035,16.6991,21.908,Prediccion
TARIJA,2029-05-01,2029,5,16.383,13.7642,19.0019,Prediccion
TARIJA,2029-06-01,2029,6,14.5394,11.9098,17.1691,Prediccion
TARIJA,2029-07-01,2029,7,14.292,11.652,16.932,Prediccion
TARIJA,2029-08-01,2029,8,16.156,13.5057,18.8063,Prediccion
TARIJA,2029-09-01,2029,9,18.3426,15.6821,21.0032,Prediccion
TARIJA,2029-10-01,2029,10,20.5544,17.8836,23.2252,Prediccion
TARIJA,2029-11-01,2029,11,21.1334,18.4525,23.8144,Prediccion
TARIJA,2029-12-01,2029,12,21.8664,19.1753,24.5576,Prediccion
TARIJA,2030-01-01,2030,1,21.6525,18.9512,24.3539,Prediccion
TARIJA,2030-02-01,2030,2,21.2117,18.5004,23.9231,Prediccion
TARIJA,2030-03-01,2030,3,20.7296,18.0083,23.4509,Prediccion
TARIJA,2030-04-01,2030,4,19.3254,16.5941,22.0566,Prediccion
TARIJA,2030-05-01,2030,5,16.4038,13.6575,19.1501,Prediccion
TARIJA,2030-06-01,2030,6,14.561,11.8038,17.3181,Prediccion
TARIJA,2030-07-01,2030,7,14.3129,11.5454,17.0804,Prediccion
TARIJA,2030-08-01,2030,8,16.1777,13.3999,18.9555,Prediccion
TARIJA,2030-09-01,2030,9,18.3636,15.5756,21.1517,Prediccion
TARIJA,2030-10-01,2030,10,20.5771,17.7788,23.3753,Prediccion
TARIJA,2030-11-01,2030,11,21.1556,18.3472,23.9641,Prediccion
TARIJA,2030-12-01,2030,12,21.8884,19.0697,24.707,Prediccion
SANTA CRUZ,2026-04-01,2026,4,25.4146,23.2394,27.5898,Prediccion
SANTA CRUZ,2026-05-01,2026,5,22.2296,20.0129,24.4463,Prediccion
SANTA CRUZ,2026-06-01,2026,6,21.3662,19.1445,23.588,Prediccion
SANTA CRUZ,2026-07-01,2026,7,21.45,19.2257,23.6743,Prediccion
SANTA CRUZ,2026-08-01,2026,8,23.6755,21.449,25.902,Prediccion
SANTA CRUZ,2026-09-01,2026,9,25.8025,23.5738,28.0311,Prediccion
SANTA CRUZ,2026-10-01,2026,10,27.2698,25.039,29.5006,Prediccion
SANTA CRUZ,2026-11-01,2026,11,27.433,25.2001,29.666,Prediccion
SANTA CRUZ,2026-12-01,2026,12,27.3623,25.1272,29.5974,Prediccion
SANTA CRUZ,2027-01-01,2027,1,27.5443,25.3071,29.7815,Prediccion
SANTA CRUZ,2027-02-01,2027,2,27.1657,24.9264,29.405,Prediccion
SANTA CRUZ,2027-03-01,2027,3,26.8688,24.6273,29.1102,Prediccion
SANTA CRUZ,2027-04-01,2027,4,25.3211,23.0794,27.5628,Prediccion
SANTA CRUZ,2027-05-01,2027,5,22.4568,20.2139,24.6996,Prediccion
SANTA CRUZ,2027-06-01,2027,6,21.2037,18.9591,23.4483,Prediccion
SANTA CRUZ,2027-07-01,2027,7,21.5097,19.2632,23.7562,Prediccion
SANTA CRUZ,2027-08-01,2027,8,23.6099,21.3616,25.8583,Prediccion
SANTA CRUZ,2027-09-01,2027,9,26.0671,23.8169,28.3173,Prediccion
SANTA CRUZ,2027-10-01,2027,10,26.9629,24.7108,29.215,Prediccion
SANTA CRUZ,2027-11-01,2027,11,27.2328,24.9789,29.4868,Prediccion
SANTA CRUZ,2027-12-01,2027,12,27.2585,25.0027,29.5144,Prediccion
SANTA CRUZ,2028-01-01,2028,1,27.5462,25.2885,29.8038,Prediccion
SANTA CRUZ,2028-02-01,2028,2,27.2565,24.9969,29.516,Prediccion
SANTA CRUZ,2028-03-01,2028,3,26.8486,24.5872,29.11,Prediccion
SANTA CRUZ,2028-04-01,2028,4,25.3762,23.0994,27.653,Prediccion
SANTA CRUZ,2028-05-01,2028,5,22.4694,20.1891,24.7497,Prediccion
SANTA CRUZ,2028-06-01,2028,6,21.2679,18.9853,23.5506,Prediccion
SANTA CRUZ,2028-07-01,2028,7,21.5445,19.2597,23.8294,Prediccion
SANTA CRUZ,2028-08-01,2028,8,23.6613,21.3743,25.9484,Prediccion
SANTA CRUZ,2028-09-01,2028,9,26.0748,23.7857,28.364,Prediccion
SANTA CRUZ,2028-10-01,2028,10,27.0462,24.7549,29.3376,Prediccion
SANTA CRUZ,2028-11-01,2028,11,27.302,25.0085,29.5955,Prediccion
SANTA CRUZ,2028-12-01,2028,12,27.315,25.0193,29.6107,Prediccion
SANTA CRUZ,2029-01-01,2029,1,27.5887,25.2908,29.8865,Prediccion
SANTA CRUZ,2029-02-01,2029,2,27.2872,24.9872,29.5872,Prediccion
SANTA CRUZ,2029-03-01,2029,3,26.894,24.5919,29.1962,Prediccion
SANTA CRUZ,2029-04-01,2029,4,25.4116,23.0978,27.7254,Prediccion
SANTA CRUZ,2029-05-01,2029,5,22.5105,20.1933,24.8277,Prediccion
SANTA CRUZ,2029-06-01,2029,6,21.3022,18.9824,23.6219,Prediccion
SANTA CRUZ,2029-07-01,2029,7,21.5826,19.2605,23.9048,Prediccion
SANTA CRUZ,2029-08-01,2029,8,23.6973,21.3727,26.0218,Prediccion
SANTA CRUZ,2029-09-01,2029,9,26.1166,23.7896,28.4435,Prediccion
SANTA CRUZ,2029-10-01,2029,10,27.078,24.7486,29.4073,Prediccion
SANTA CRUZ,2029-11-01,2029,11,27.3356,25.0039,29.6673,Prediccion
SANTA CRUZ,2029-12-01,2029,12,27.3503,25.0161,29.6844,Prediccion
SANTA CRUZ,2030-01-01,2030,1,27.6258,25.2893,29.9623,Prediccion
SANTA CRUZ,2030-02-01,2030,2,27.3258,24.987,29.6647,Prediccion
SANTA CRUZ,2030-03-01,2030,3,26.9308,24.5895,29.272,Prediccion
SANTA CRUZ,2030-04-01,2030,4,25.4497,23.0958,27.8035,Prediccion
SANTA CRUZ,2030-05-01,2030,5,22.5478,20.1902,24.9054,Prediccion
SANTA CRUZ,2030-06-01,2030,6,21.3404,18.98,23.7008,Prediccion
SANTA CRUZ,2030-07-01,2030,7,21.6203,19.2573,23.9834,Prediccion
SANTA CRUZ,2030-08-01,2030,8,23.7353,21.3696,26.101,Prediccion
SANTA CRUZ,2030-09-01,2030,9,26.1538,23.7854,28.5221,Prediccion
SANTA CRUZ,2030-10-01,2030,10,27.1165,24.7455,29.4874,Prediccion
SANTA CRUZ,2030-11-01,2030,11,27.3739,25.0003,29.7475,Prediccion
SANTA CRUZ,2030-12-01,2030,12,27.3883,25.0121,29.7646,Prediccion
TRINIDAD,2026-05-01,2026,5,24.9055,23.0363,26.7747,Prediccion
TRINIDAD,2026-06-01,2026,6,23.7937,21.8929,25.6946,Prediccion
TRINIDAD,2026-07-01,2026,7,23.9726,22.0701,25.8752,Prediccion
TRINIDAD,2026-08-01,2026,8,25.4859,23.5831,27.3887,Prediccion
TRINIDAD,2026-09-01,2026,9,27.7332,25.8302,29.6362,Prediccion
TRINIDAD,2026-10-01,2026,10,28.4758,26.5727,30.379,Prediccion
TRINIDAD,2026-11-01,2026,11,27.9866,26.0833,29.8899,Prediccion
TRINIDAD,2026-12-01,2026,12,27.7457,25.8422,29.6491,Prediccion
TRINIDAD,2027-01-01,2027,1,27.786,25.8824,29.6896,Prediccion
TRINIDAD,2027-02-01,2027,2,27.6641,25.7603,29.5678,Prediccion
TRINIDAD,2027-03-01,2027,3,27.6426,25.7387,29.5465,Prediccion
TRINIDAD,2027-04-01,2027,4,27.2623,25.3583,29.1664,Prediccion
TRINIDAD,2027-05-01,2027,5,24.9624,23.0452,26.8796,Prediccion
TRINIDAD,2027-06-01,2027,6,23.8394,21.9212,25.7576,Prediccion
TRINIDAD,2027-07-01,2027,7,24.0165,22.098,25.935,Prediccion
TRINIDAD,2027-08-01,2027,8,25.5295,23.6109,27.4482,Prediccion
TRINIDAD,2027-09-01,2027,9,27.777,25.8581,29.6958,Prediccion
TRINIDAD,2027-10-01,2027,10,28.5191,26.6001,30.4381,Prediccion
TRINIDAD,2027-11-01,2027,11,28.0299,26.1107,29.9491,Prediccion
TRINIDAD,2027-12-01,2027,12,27.7891,25.8697,29.7085,Prediccion
TRINIDAD,2028-01-01,2028,1,27.8296,25.91,29.7492,Prediccion
TRINIDAD,2028-02-01,2028,2,27.7077,25.7879,29.6274,Prediccion
TRINIDAD,2028-03-01,2028,3,27.6861,25.7662,29.606,Prediccion
TRINIDAD,2028-04-01,2028,4,27.3059,25.3858,29.226,Prediccion
TRINIDAD,2028-05-01,2028,5,25.0059,23.0724,26.9395,Prediccion
TRINIDAD,2028-06-01,2028,6,23.883,21.9484,25.8175,Prediccion
TRINIDAD,2028-07-01,2028,7,24.0601,22.1252,25.9949,Prediccion
TRINIDAD,2028-08-01,2028,8,25.5731,23.638,27.5082,Prediccion
TRINIDAD,2028-09-01,2028,9,27.8205,25.8852,29.7559,Prediccion
TRINIDAD,2028-10-01,2028,10,28.5627,26.6271,30.4982,Prediccion
TRINIDAD,2028-11-01,2028,11,28.0735,26.1377,30.0092,Prediccion
TRINIDAD,2028-12-01,2028,12,27.8327,25.8967,29.7687,Prediccion
TRINIDAD,2029-01-01,2029,1,27.8732,25.937,29.8094,Prediccion
TRINIDAD,2029-02-01,2029,2,27.7512,25.8148,29.6877,Prediccion
TRINIDAD,2029-03-01,2029,3,27.7297,25.793,29.6663,Prediccion
TRINIDAD,2029-04-01,2029,4,27.3495,25.4126,29.2863,Prediccion
TRINIDAD,2029-05-01,2029,5,25.0495,23.0991,26.9999,Prediccion
TRINIDAD,2029-06-01,2029,6,23.9266,21.975,25.8781,Prediccion
TRINIDAD,2029-07-01,2029,7,24.1036,22.1517,26.0556,Prediccion
TRINIDAD,2029-08-01,2029,8,25.6166,23.6644,27.5688,Prediccion
TRINIDAD,2029-09-01,2029,9,27.8641,25.9117,29.8166,Prediccion
TRINIDAD,2029-10-01,2029,10,28.6063,26.6536,30.559,Prediccion
TRINIDAD,2029-11-01,2029,11,28.1171,26.1641,30.07,Prediccion
TRINIDAD,2029-12-01,2029,12,27.8763,25.923,29.8295,Prediccion
TRINIDAD,2030-01-01,2030,1,27.9167,25.9633,29.8702,Prediccion
TRINIDAD,2030-02-01,2030,2,27.7948,25.8411,29.7485,Prediccion
TRINIDAD,2030-03-01,2030,3,27.7732,25.8193,29.7272,Prediccion
TRINIDAD,2030-04-01,2030,4,27.393,25.4388,29.3473,Prediccion
TRINIDAD,2030-05-01,2030,5,25.0931,23.1251,27.0611,Prediccion
TRINIDAD,2030-06-01,2030,6,23.9701,22.0009,25.9393,Prediccion
TRINIDAD,2030-07-01,2030,7,24.1472,22.1776,26.1168,Prediccion
TRINIDAD,2030-08-01,2030,8,25.6602,23.6903,27.6301,Prediccion
TRINIDAD,2030-09-01,2030,9,27.9077,25.9374,29.8779,Prediccion
TRINIDAD,2030-10-01,2030,10,28.6498,26.6793,30.6204,Prediccion
TRINIDAD,2030-11-01,2030,11,28.1606,26.1898,30.1315,Prediccion
TRINIDAD,2030-12-01,2030,12,27.9198,25.9487,29.8909,Prediccion
COBIJA,2026-05-01,2026,5,26.2337,24.6899,27.7774,Prediccion
COBIJA,2026-06-01,2026,6,25.6995,24.0922,27.3067,Prediccion
COBIJA,2026-07-01,2026,7,25.6418,24.0132,27.2704,Prediccion
COBIJA,2026-08-01,2026,8,26.9833,25.3383,28.6284,Prediccion
COBIJA,2026-09-01,2026,9,28.3122,26.6517,29.9728,Prediccion
COBIJA,2026-10-01,2026,10,28.493,26.8172,30.1689,Prediccion
COBIJA,2026-11-01,2026,11,28.088,26.397,29.779,Prediccion
COBIJA,2026-12-01,2026,12,27.8483,26.1423,29.5543,Prediccion
COBIJA,2027-01-01,2027,1,27.6974,25.9766,29.4183,Prediccion
COBIJA,2027-02-01,2027,2,27.6142,25.8786,29.3497,Prediccion
COBIJA,2027-03-01,2027,3,27.7355,25.9854,29.4857,Prediccion
COBIJA,2027-04-01,2027,4,27.5843,25.8196,29.3489,Prediccion
COBIJA,2027-05-01,2027,5,26.2976,24.503,28.0923,Prediccion
COBIJA,2027-06-01,2027,6,25.7595,23.9468,27.5722,Prediccion
COBIJA,2027-07-01,2027,7,25.7012,23.8723,27.5301,Prediccion
COBIJA,2027-08-01,2027,8,27.0426,25.1979,28.8873,Prediccion
COBIJA,2027-09-01,2027,9,28.3715,26.5112,30.2318,Prediccion
COBIJA,2027-10-01,2027,10,28.5523,26.6765,30.428,Prediccion
COBIJA,2027-11-01,2027,11,28.1472,26.2561,30.0383,Prediccion
COBIJA,2027-12-01,2027,12,27.9076,26.0012,29.8139,Prediccion
COBIJA,2028-01-01,2028,1,27.7567,25.8352,29.6781,Prediccion
COBIJA,2028-02-01,2028,2,27.6734,25.737,29.6098,Prediccion
COBIJA,2028-03-01,2028,3,27.7948,25.8435,29.7461,Prediccion
COBIJA,2028-04-01,2028,4,27.6435,25.6774,29.6096,Prediccion
COBIJA,2028-05-01,2028,5,26.3569,24.3613,28.3524,Prediccion
COBIJA,2028-06-01,2028,6,25.8188,23.8051,27.8324,Prediccion
COBIJA,2028-07-01,2028,7,25.7604,23.7303,27.7905,Prediccion
COBIJA,2028-08-01,2028,8,27.1018,25.0557,29.1479,Prediccion
COBIJA,2028-09-01,2028,9,28.4307,26.3687,30.4927,Prediccion
COBIJA,2028-10-01,2028,10,28.6115,26.5338,30.6892,Prediccion
COBIJA,2028-11-01,2028,11,28.2065,26.1131,30.2998,Prediccion
COBIJA,2028-12-01,2028,12,27.9668,25.858,30.0756,Prediccion
COBIJA,2029-01-01,2029,1,27.8159,25.6917,29.9401,Prediccion
COBIJA,2029-02-01,2029,2,27.7326,25.5931,29.8721,Prediccion
COBIJA,2029-03-01,2029,3,27.854,25.6993,30.0087,Prediccion
COBIJA,2029-04-01,2029,4,27.7027,25.533,29.8725,Prediccion
COBIJA,2029-05-01,2029,5,26.4161,24.2173,28.6149,Prediccion
COBIJA,2029-06-01,2029,6,25.878,23.6609,28.0951,Prediccion
COBIJA,2029-07-01,2029,7,25.8197,23.5859,28.0535,Prediccion
COBIJA,2029-08-01,2029,8,27.1611,24.911,29.4112,Prediccion
COBIJA,2029-09-01,2029,9,28.4899,26.2237,30.7562,Prediccion
COBIJA,2029-10-01,2029,10,28.6707,26.3885,30.953,Prediccion
COBIJA,2029-11-01,2029,11,28.2657,25.9675,30.5639,Prediccion
COBIJA,2029-12-01,2029,12,28.026,25.7121,30.34,Prediccion
COBIJA,2030-01-01,2030,1,27.8752,25.5455,30.2048,Prediccion
COBIJA,2030-02-01,2030,2,27.7919,25.4466,30.1371,Prediccion
COBIJA,2030-03-01,2030,3,27.9132,25.5525,30.274,Prediccion
COBIJA,2030-04-01,2030,4,27.762,25.3858,30.1381,Prediccion
COBIJA,2030-05-01,2030,5,26.4753,24.0704,28.8803,Prediccion
COBIJA,2030-06-01,2030,6,25.9372,23.5137,28.3607,Prediccion
COBIJA,2030-07-01,2030,7,25.8789,23.4385,28.3193,Prediccion
COBIJA,2030-08-01,2030,8,27.2203,24.7633,29.6773,Prediccion
COBIJA,2030-09-01,2030,9,28.5492,26.0757,31.0226,Prediccion
COBIJA,2030-10-01,2030,10,28.73,26.2402,31.2198,Prediccion
COBIJA,2030-11-01,2030,11,28.3249,25.8189,30.8309,Prediccion
COBIJA,2030-12-01,2030,12,28.0853,25.5631,30.6074,Prediccion
EL ALTO,2026-05-01,2026,5,6.6476,5.6238,7.6713,Prediccion
EL ALTO,2026-06-01,2026,6,5.3958,4.2492,6.5424,Prediccion
EL ALTO,2026-07-01,2026,7,5.2785,4.1006,6.4564,Prediccion
EL ALTO,2026-08-01,2026,8,6.2009,5.0134,7.3883,Prediccion
EL ALTO,2026-09-01,2026,9,7.7964,6.6055,8.9873,Prediccion
EL ALTO,2026-10-01,2026,10,9.1004,7.9078,10.293,Prediccion
EL ALTO,2026-11-01,2026,11,9.9623,8.7686,11.1559,Prediccion
EL ALTO,2026-12-01,2026,12,10.0192,8.8248,11.2136,Prediccion
EL ALTO,2027-01-01,2027,1,9.711,8.516,10.906,Prediccion
EL ALTO,2027-02-01,2027,2,9.7158,8.5203,10.9114,Prediccion
EL ALTO,2027-03-01,2027,3,9.4351,8.239,10.6312,Prediccion
EL ALTO,2027-04-01,2027,4,8.47,7.2733,9.6666,Prediccion
EL ALTO,2027-05-01,2027,5,6.8605,5.6557,8.0653,Prediccion
EL ALTO,2027-06-01,2027,6,5.5257,4.3177,6.7338,Prediccion
EL ALTO,2027-07-01,2027,7,5.3587,4.149,6.5684,Prediccion
EL ALTO,2027-08-01,2027,8,6.2694,5.0586,7.4802,Prediccion
EL ALTO,2027-09-01,2027,9,7.8512,6.6396,9.0628,Prediccion
EL ALTO,2027-10-01,2027,10,9.1439,7.9316,10.3563,Prediccion
EL ALTO,2027-11-01,2027,11,10.0073,8.7942,11.2204,Prediccion
EL ALTO,2027-12-01,2027,12,10.0646,8.8509,11.2784,Prediccion
EL ALTO,2028-01-01,2028,1,9.7312,8.5168,10.9456,Prediccion
EL ALTO,2028-02-01,2028,2,9.7214,8.5063,10.9364,Prediccion
EL ALTO,2028-03-01,2028,3,9.4369,8.2212,10.6525,Prediccion
EL ALTO,2028-04-01,2028,4,8.5129,7.2966,9.7292,Prediccion
EL ALTO,2028-05-01,2028,5,6.8907,5.6712,8.1101,Prediccion
EL ALTO,2028-06-01,2028,6,5.5509,4.3298,6.7719,Prediccion
EL ALTO,2028-07-01,2028,7,5.3808,4.1586,6.603,Prediccion
EL ALTO,2028-08-01,2028,8,6.2908,5.0677,7.5139,Prediccion
EL ALTO,2028-09-01,2028,9,7.8717,6.6479,9.0956,Prediccion
EL ALTO,2028-10-01,2028,10,9.1638,7.9392,10.3884,Prediccion
EL ALTO,2028-11-01,2028,11,10.0273,8.8019,11.2526,Prediccion
EL ALTO,2028-12-01,2028,12,10.0846,8.8586,11.3107,Prediccion
EL ALTO,2029-01-01,2029,1,9.7497,8.5229,10.9764,Prediccion
EL ALTO,2029-02-01,2029,2,9.7389,8.5115,10.9664,Prediccion
EL ALTO,2029-03-01,2029,3,9.4542,8.2261,10.6823,Prediccion
EL ALTO,2029-04-01,2029,4,8.5327,7.3039,9.7615,Prediccion
EL ALTO,2029-05-01,2029,5,6.9097,5.6779,8.1415,Prediccion
EL ALTO,2029-06-01,2029,6,5.5696,4.3362,6.8031,Prediccion
EL ALTO,2029-07-01,2029,7,5.3994,4.1649,6.634,Prediccion
EL ALTO,2029-08-01,2029,8,6.3093,5.0738,7.5448,Prediccion
EL ALTO,2029-09-01,2029,9,7.8902,6.6539,9.1265,Prediccion
EL ALTO,2029-10-01,2029,10,9.1823,7.9452,10.4194,Prediccion
EL ALTO,2029-11-01,2029,11,10.0457,8.8079,11.2836,Prediccion
EL ALTO,2029-12-01,2029,12,10.1031,8.8644,11.3418,Prediccion
EL ALTO,2030-01-01,2030,1,9.768,8.5286,11.0075,Prediccion
EL ALTO,2030-02-01,2030,2,9.7572,8.5171,10.9974,Prediccion
EL ALTO,2030-03-01,2030,3,9.4725,8.2316,10.7134,Prediccion
EL ALTO,2030-04-01,2030,4,8.5512,7.3096,9.7927,Prediccion
EL ALTO,2030-05-01,2030,5,6.9281,5.6835,8.1728,Prediccion
EL ALTO,2030-06-01,2030,6,5.588,4.3417,6.8343,Prediccion
EL ALTO,2030-07-01,2030,7,5.4178,4.1703,6.6653,Prediccion
EL ALTO,2030-08-01,2030,8,6.3277,5.0792,7.5762,Prediccion
EL ALTO,2030-09-01,2030,9,7.9086,6.6592,9.1579,Prediccion
EL ALTO,2030-10-01,2030,10,9.2006,7.9504,10.4508,Prediccion
EL ALTO,2030-11-01,2030,11,10.0641,8.8131,11.3151,Prediccion
EL ALTO,2030-12-01,2030,12,10.1214,8.8696,11.3733,Prediccion
